{"meta": {"format": 3, "version": "7.14.1", "timestamp": "2026-05-30T11:24:40.280561", "branch_coverage": false, "show_contexts": false}, "files": {"app/__init__.py": {"executed_lines": [], "summary": {"covered_lines": 0, "num_statements": 0, "percent_covered": 100.0, "percent_covered_display": "100", "missing_lines": 0, "excluded_lines": 0, "percent_statements_covered": 100.0, "percent_statements_covered_display": "100"}, "missing_lines": [], "excluded_lines": [], "functions": {"": {"executed_lines": [], "summary": {"covered_lines": 0, "num_statements": 0, "percent_covered": 100.0, "percent_covered_display": "100", "missing_lines": 0, "excluded_lines": 0, "percent_statements_covered": 100.0, "percent_statements_covered_display": "100"}, "missing_lines": [], "excluded_lines": [], "start_line": 1}}, "classes": {"": {"executed_lines": [], "summary": {"covered_lines": 0, "num_statements": 0, "percent_covered": 100.0, "percent_covered_display": "100", "missing_lines": 0, "excluded_lines": 0, "percent_statements_covered": 100.0, "percent_statements_covered_display": "100"}, "missing_lines": [], "excluded_lines": [], "start_line": 1}}}, "app/agent.py": {"executed_lines": [1, 2, 3, 4, 5, 6, 7, 9, 10, 11, 12, 13, 14, 15, 16, 18, 19, 21, 24, 25, 28, 31, 36, 37, 40, 45, 46, 49, 55, 56, 82, 83, 84, 85, 88, 89, 91, 92, 93, 94, 95, 100, 101, 102, 103, 107, 109, 114, 115, 116, 118, 129, 130, 131, 133, 134, 135, 136, 137, 138, 139, 147, 149, 150, 151, 152, 153, 163, 169, 171, 173, 174, 175, 176, 179, 188, 192, 194, 196, 197, 198, 199, 200, 201, 202, 203, 204, 205, 206, 208, 209, 217, 218, 222, 223, 224, 225, 234, 237, 244, 247, 252, 253, 256, 266, 273, 274, 275, 278, 279, 280, 281, 282, 293, 295, 301, 302, 308, 309, 310, 311, 317, 318, 319, 320, 321, 334, 340, 341, 342, 343, 344], "summary": {"covered_lines": 132, "num_statements": 154, "percent_covered": 85.71428571428571, "percent_covered_display": "86", "missing_lines": 22, "excluded_lines": 0, "percent_statements_covered": 85.71428571428571, "percent_statements_covered_display": "86"}, "missing_lines": [104, 105, 106, 140, 141, 142, 143, 144, 145, 219, 220, 245, 246, 248, 249, 288, 289, 290, 291, 345, 346, 347], "excluded_lines": [], "functions": {"get_model_name": {"executed_lines": [37], "summary": {"covered_lines": 1, "num_statements": 1, "percent_covered": 100.0, "percent_covered_display": "100", "missing_lines": 0, "excluded_lines": 0, "percent_statements_covered": 100.0, "percent_statements_covered_display": "100"}, "missing_lines": [], "excluded_lines": [], "start_line": 36}, "get_temperature": {"executed_lines": [46], "summary": {"covered_lines": 1, "num_statements": 1, "percent_covered": 100.0, "percent_covered_display": "100", "missing_lines": 0, "excluded_lines": 0, "percent_statements_covered": 100.0, "percent_statements_covered_display": "100"}, "missing_lines": [], "excluded_lines": [], "start_line": 45}, "get_system_prompt": {"executed_lines": [56], "summary": {"covered_lines": 1, "num_statements": 1, "percent_covered": 100.0, "percent_covered_display": "100", "missing_lines": 0, "excluded_lines": 0, "percent_statements_covered": 100.0, "percent_statements_covered_display": "100"}, "missing_lines": [], "excluded_lines": [], "start_line": 55}, "SampleAgent.__init__": {"executed_lines": [92, 93, 94, 95], "summary": {"covered_lines": 4, "num_statements": 4, "percent_covered": 100.0, "percent_covered_display": "100", "missing_lines": 0, "excluded_lines": 0, "percent_statements_covered": 100.0, "percent_statements_covered_display": "100"}, "missing_lines": [], "excluded_lines": [], "start_line": 91}, "SampleAgent._touch": {"executed_lines": [101, 102, 103, 107], "summary": {"covered_lines": 4, "num_statements": 7, "percent_covered": 57.142857142857146, "percent_covered_display": "57", "missing_lines": 3, "excluded_lines": 0, "percent_statements_covered": 57.142857142857146, "percent_statements_covered_display": "57"}, "missing_lines": [104, 105, 106], "excluded_lines": [], "start_line": 100}, "SampleAgent._call_sub_agent": {"executed_lines": [114, 115, 116, 118, 129, 130, 131, 133, 134, 135, 136, 137, 138, 139], "summary": {"covered_lines": 14, "num_statements": 20, "percent_covered": 70.0, "percent_covered_display": "70", "missing_lines": 6, "excluded_lines": 0, "percent_statements_covered": 70.0, "percent_statements_covered_display": "70"}, "missing_lines": [140, 141, 142, 143, 144, 145], "excluded_lines": [], "start_line": 109}, "SampleAgent._call_credit_agent": {"executed_lines": [149, 150, 151, 152, 153, 163, 169], "summary": {"covered_lines": 7, "num_statements": 7, "percent_covered": 100.0, "percent_covered_display": "100", "missing_lines": 0, "excluded_lines": 0, "percent_statements_covered": 100.0, "percent_statements_covered_display": "100"}, "missing_lines": [], "excluded_lines": [], "start_line": 147}, "SampleAgent._call_collection_agent": {"executed_lines": [173, 174, 175, 176, 179, 188, 192], "summary": {"covered_lines": 7, "num_statements": 7, "percent_covered": 100.0, "percent_covered_display": "100", "missing_lines": 0, "excluded_lines": 0, "percent_statements_covered": 100.0, "percent_statements_covered_display": "100"}, "missing_lines": [], "excluded_lines": [], "start_line": 171}, "SampleAgent._make_decision": {"executed_lines": [196, 197, 198, 199, 200, 201, 202, 203, 204, 205, 206], "summary": {"covered_lines": 11, "num_statements": 11, "percent_covered": 100.0, "percent_covered_display": "100", "missing_lines": 0, "excluded_lines": 0, "percent_statements_covered": 100.0, "percent_statements_covered_display": "100"}, "missing_lines": [], "excluded_lines": [], "start_line": 194}, "SampleAgent._run_agent": {"executed_lines": [217, 218, 222, 223, 224, 225, 234, 237, 244, 247, 252, 253, 256, 266, 273, 274, 275, 278, 279, 280, 281, 282, 293], "summary": {"covered_lines": 23, "num_statements": 33, "percent_covered": 69.6969696969697, "percent_covered_display": "70", "missing_lines": 10, "excluded_lines": 0, "percent_statements_covered": 69.6969696969697, "percent_statements_covered_display": "70"}, "missing_lines": [219, 220, 245, 246, 248, 249, 288, 289, 290, 291], "excluded_lines": [], "start_line": 209}, "SampleAgent.stream": {"executed_lines": [301, 302, 308, 309, 310, 311, 317, 318, 319, 320, 321], "summary": {"covered_lines": 11, "num_statements": 11, "percent_covered": 100.0, "percent_covered_display": "100", "missing_lines": 0, "excluded_lines": 0, "percent_statements_covered": 100.0, "percent_statements_covered_display": "100"}, "missing_lines": [], "excluded_lines": [], "start_line": 295}, "SampleAgent.invoke": {"executed_lines": [340, 341, 342, 343, 344], "summary": {"covered_lines": 5, "num_statements": 8, "percent_covered": 62.5, "percent_covered_display": "62", "missing_lines": 3, "excluded_lines": 0, "percent_statements_covered": 62.5, "percent_statements_covered_display": "62"}, "missing_lines": [345, 346, 347], "excluded_lines": [], "start_line": 334}, "": {"executed_lines": [1, 2, 3, 4, 5, 6, 7, 9, 10, 11, 12, 13, 14, 15, 16, 18, 19, 21, 24, 25, 28, 31, 36, 40, 45, 49, 55, 82, 83, 84, 85, 88, 89, 91, 100, 109, 147, 171, 194, 208, 209, 295, 334], "summary": {"covered_lines": 43, "num_statements": 43, "percent_covered": 100.0, "percent_covered_display": "100", "missing_lines": 0, "excluded_lines": 0, "percent_statements_covered": 100.0, "percent_statements_covered_display": "100"}, "missing_lines": [], "excluded_lines": [], "start_line": 1}}, "classes": {"AgentResponse": {"executed_lines": [], "summary": {"covered_lines": 0, "num_statements": 0, "percent_covered": 100.0, "percent_covered_display": "100", "missing_lines": 0, "excluded_lines": 0, "percent_statements_covered": 100.0, "percent_statements_covered_display": "100"}, "missing_lines": [], "excluded_lines": [], "start_line": 83},